roomID,employeeID,checkDate,score,checkid
326,221,9/24/2025,8,1
485,256,10/27/2025,10,2
123,48,5/24/2025,6,3
249,435,9/12/2025,8,4
353,8,12/3/2025,6,5
269,355,7/26/2025,1,6
63,207,11/10/2025,5,7
424,427,5/1/2025,2,8
64,166,1/11/2026,5,9
94,25,11/1/2025,3,10
369,98,6/9/2025,2,11
180,352,12/6/2025,5,12
459,24,6/30/2025,4,13
293,216,7/21/2025,1,14
363,465,12/11/2025,8,15
251,316,1/7/2026,3,16
48,233,3/8/2026,10,17
329,66,10/30/2025,1,18
1,207,7/25/2025,4,19
357,481,8/19/2025,9,20
208,229,8/18/2025,10,21
258,366,9/29/2025,6,22
431,98,9/21/2025,4,23
138,249,2/15/2026,7,24
236,41,12/25/2025,8,25
220,223,2/21/2026,8,26
222,250,4/9/2025,1,27
86,161,6/7/2025,7,28
19,189,11/15/2025,9,29
150,172,3/30/2025,3,30
309,471,10/8/2025,10,31
68,31,10/25/2025,6,32
11,70,12/25/2025,1,33
116,93,5/23/2025,8,34
303,122,8/16/2025,9,35
273,236,10/8/2025,5,36
488,394,11/9/2025,9,37
266,258,10/17/2025,5,38
496,207,4/29/2025,1,39
5,260,4/26/2025,6,40
41,478,11/15/2025,9,41
409,375,2/15/2026,1,42
93,22,4/6/2025,3,43
463,131,8/26/2025,4,44
478,447,5/27/2025,1,45
75,250,4/10/2025,6,46
102,317,10/23/2025,8,47
411,285,6/23/2025,1,48
436,302,10/10/2025,7,49
318,162,9/23/2025,4,50
124,189,9/9/2025,4,51
488,125,9/28/2025,4,52
400,220,3/26/2025,3,53
440,410,8/22/2025,1,54
337,16,11/17/2025,2,55
24,261,10/18/2025,9,56
109,379,8/24/2025,6,57
83,290,7/27/2025,9,58
250,152,12/9/2025,1,59
233,178,12/24/2025,9,60
340,75,9/23/2025,8,61
347,236,1/7/2026,10,62
255,463,11/25/2025,9,63
202,54,11/5/2025,2,64
92,46,2/5/2026,5,65
334,146,8/18/2025,9,66
472,300,4/17/2025,10,67
184,235,6/27/2025,6,68
356,38,11/13/2025,2,69
129,298,6/25/2025,9,70
411,124,1/19/2026,4,71
343,1,3/12/2026,8,72
113,395,3/21/2026,4,73
302,5,4/26/2025,8,74
491,360,11/9/2025,3,75
232,454,8/31/2025,6,76
70,413,7/19/2025,7,77
465,377,1/20/2026,4,78
404,268,8/10/2025,5,79
472,144,3/25/2025,9,80
176,396,11/5/2025,9,81
477,34,11/20/2025,9,82
101,91,12/16/2025,6,83
256,351,7/29/2025,4,84
156,114,7/8/2025,1,85
473,105,5/14/2025,2,86
253,65,12/2/2025,10,87
223,186,10/9/2025,7,88
320,106,10/3/2025,9,89
39,40,9/29/2025,3,90
166,265,11/5/2025,1,91
282,289,11/6/2025,9,92
126,40,8/5/2025,6,93
293,297,10/26/2025,1,94
371,133,7/19/2025,3,95
411,135,9/8/2025,9,96
188,362,1/9/2026,6,97
377,117,8/25/2025,5,98
468,44,10/11/2025,3,99
152,478,3/15/2026,7,100
29,360,8/9/2025,3,101
55,301,9/6/2025,7,102
69,452,11/1/2025,4,103
391,497,9/22/2025,8,104
162,172,3/2/2026,10,105
167,355,7/27/2025,3,106
465,338,2/12/2026,3,107
262,126,2/24/2026,9,108
229,469,11/19/2025,5,109
342,304,6/3/2025,6,110
351,430,1/11/2026,4,111
489,280,6/2/2025,7,112
399,370,3/5/2026,10,113
128,413,7/23/2025,5,114
223,461,1/27/2026,4,115
100,424,1/16/2026,3,116
26,197,1/2/2026,2,117
388,234,1/28/2026,10,118
466,476,5/8/2025,2,119
452,483,6/23/2025,10,120
43,208,2/7/2026,10,121
151,393,2/26/2026,5,122
33,464,12/8/2025,10,123
321,392,10/14/2025,6,124
421,124,9/22/2025,2,125
445,277,9/11/2025,9,126
257,137,12/4/2025,7,127
24,361,6/25/2025,4,128
27,48,9/29/2025,6,129
213,101,4/14/2025,8,130
98,213,3/1/2026,4,131
159,262,4/13/2025,4,132
243,270,10/25/2025,7,133
496,225,9/10/2025,2,134
488,475,5/3/2025,2,135
485,84,1/29/2026,5,136
176,322,5/8/2025,1,137
147,146,3/20/2026,9,138
394,190,1/30/2026,7,139
58,38,6/14/2025,8,140
143,110,7/5/2025,2,141
200,495,8/20/2025,10,142
341,139,6/24/2025,5,143
367,144,6/29/2025,2,144
302,126,8/6/2025,10,145
97,392,11/2/2025,3,146
180,359,7/24/2025,10,147
485,184,6/24/2025,2,148
13,299,8/19/2025,3,149
487,126,2/1/2026,5,150
256,435,10/17/2025,7,151
202,4,1/24/2026,2,152
420,267,11/9/2025,10,153
194,366,5/27/2025,5,154
354,243,5/8/2025,9,155
265,338,3/1/2026,8,156
223,465,8/2/2025,4,157
465,259,9/25/2025,4,158
289,179,12/11/2025,7,159
218,88,8/27/2025,5,160
112,87,10/1/2025,2,161
132,9,9/5/2025,9,162
220,116,11/8/2025,10,163
49,432,7/23/2025,1,164
195,7,2/8/2026,5,165
451,223,1/21/2026,3,166
494,242,10/8/2025,2,167
445,390,4/18/2025,7,168
409,152,5/4/2025,10,169
484,3,5/13/2025,1,170
130,175,8/7/2025,9,171
253,191,4/3/2025,4,172
466,63,12/11/2025,4,173
170,271,6/17/2025,2,174
331,448,1/1/2026,1,175
482,342,4/17/2025,9,176
108,484,10/1/2025,10,177
7,164,7/31/2025,9,178
289,157,10/2/2025,2,179
33,349,10/4/2025,10,180
129,196,6/6/2025,2,181
257,34,11/8/2025,5,182
166,270,8/27/2025,1,183
213,45,9/15/2025,1,184
484,369,12/25/2025,10,185
148,154,6/6/2025,4,186
321,23,3/19/2026,7,187
309,258,12/13/2025,8,188
397,138,8/5/2025,5,189
171,232,7/8/2025,3,190
140,58,8/15/2025,4,191
489,228,12/22/2025,4,192
303,495,8/18/2025,2,193
340,258,6/29/2025,10,194
337,367,9/24/2025,7,195
42,131,3/15/2026,4,196
121,439,4/24/2025,9,197
304,100,9/16/2025,1,198
272,151,8/1/2025,8,199
82,388,5/10/2025,7,200
360,61,7/2/2025,9,201
407,335,12/15/2025,10,202
198,325,6/20/2025,1,203
169,256,4/8/2025,7,204
391,141,4/7/2025,1,205
232,320,9/17/2025,8,206
164,174,11/10/2025,7,207
400,13,1/9/2026,8,208
79,338,11/19/2025,6,209
379,137,8/8/2025,7,210
81,359,9/18/2025,8,211
399,159,12/6/2025,4,212
110,248,3/21/2026,6,213
169,172,5/20/2025,1,214
302,278,10/14/2025,6,215
47,82,5/11/2025,3,216
329,73,10/14/2025,3,217
251,208,10/15/2025,1,218
97,390,4/25/2025,2,219
3,428,6/15/2025,8,220
256,155,1/30/2026,3,221
349,274,3/20/2026,3,222
168,423,5/26/2025,3,223
450,369,12/31/2025,8,224
268,142,3/18/2026,1,225
282,157,6/2/2025,8,226
8,113,2/21/2026,10,227
316,81,1/16/2026,9,228
197,68,6/11/2025,3,229
458,81,12/17/2025,2,230
342,5,11/30/2025,10,231
315,346,5/11/2025,8,232
132,357,7/24/2025,8,233
379,285,4/8/2025,9,234
285,5,10/17/2025,3,235
154,85,2/12/2026,8,236
40,471,6/2/2025,9,237
226,355,7/9/2025,3,238
85,288,9/2/2025,3,239
359,378,3/23/2026,4,240
189,193,8/28/2025,1,241
268,478,12/25/2025,1,242
408,486,7/5/2025,9,243
283,137,10/9/2025,4,244
34,115,11/6/2025,4,245
334,124,6/12/2025,7,246
300,177,2/16/2026,5,247
19,456,10/19/2025,5,248
390,55,11/29/2025,4,249
14,467,12/27/2025,9,250
105,8,9/24/2025,5,251
403,155,8/11/2025,3,252
54,274,9/15/2025,5,253
119,270,3/5/2026,5,254
167,175,4/12/2025,1,255
135,120,4/12/2025,4,256
142,456,6/5/2025,2,257
244,308,6/22/2025,1,258
196,101,6/11/2025,5,259
116,377,1/16/2026,8,260
414,286,9/11/2025,8,261
125,173,3/26/2025,5,262
449,253,8/5/2025,7,263
136,326,7/12/2025,9,264
138,298,7/23/2025,8,265
162,168,1/11/2026,2,266
266,227,7/24/2025,6,267
462,297,1/26/2026,3,268
469,396,1/1/2026,4,269
191,92,11/9/2025,10,270
230,62,5/15/2025,4,271
191,116,9/22/2025,10,272
149,385,1/3/2026,3,273
268,388,12/22/2025,5,274
289,468,2/11/2026,4,275
374,284,4/26/2025,7,276
437,292,12/27/2025,8,277
57,298,8/28/2025,4,278
328,201,10/18/2025,1,279
462,458,7/27/2025,7,280
268,360,11/20/2025,3,281
257,334,4/4/2025,1,282
215,411,9/21/2025,8,283
401,71,10/10/2025,9,284
383,128,2/26/2026,3,285
460,24,3/6/2026,4,286
30,133,10/11/2025,8,287
131,1,1/28/2026,6,288
201,244,8/28/2025,1,289
271,177,11/14/2025,8,290
193,291,4/16/2025,3,291
186,155,10/26/2025,4,292
363,17,11/14/2025,2,293
22,34,10/2/2025,1,294
62,110,12/28/2025,9,295
315,370,10/21/2025,10,296
407,305,8/28/2025,9,297
303,141,10/1/2025,3,298
91,89,3/14/2026,5,299
365,213,4/13/2025,10,300
323,177,9/8/2025,8,301
484,35,10/16/2025,9,302
83,140,12/3/2025,5,303
211,112,8/9/2025,4,304
222,394,8/30/2025,9,305
304,260,2/21/2026,1,306
94,108,7/6/2025,9,307
372,90,7/29/2025,8,308
187,72,7/10/2025,6,309
156,355,5/16/2025,6,310
175,495,10/14/2025,9,311
321,296,6/10/2025,5,312
454,28,5/6/2025,7,313
486,359,9/23/2025,8,314
63,428,8/8/2025,8,315
7,400,9/2/2025,2,316
73,442,3/30/2025,5,317
500,31,9/26/2025,10,318
466,84,3/26/2025,1,319
161,9,7/18/2025,2,320
135,187,10/31/2025,5,321
228,116,2/22/2026,3,322
391,280,1/14/2026,2,323
423,147,12/20/2025,2,324
455,360,9/25/2025,4,325
321,201,12/31/2025,1,326
73,91,7/13/2025,2,327
8,302,1/29/2026,3,328
5,78,6/29/2025,4,329
285,30,7/2/2025,6,330
365,91,1/15/2026,6,331
159,443,6/13/2025,2,332
333,222,4/14/2025,10,333
269,183,3/15/2026,9,334
465,29,5/25/2025,8,335
209,377,10/6/2025,6,336
492,420,2/14/2026,6,337
456,461,10/17/2025,1,338
75,246,9/24/2025,9,339
372,499,2/28/2026,9,340
311,496,1/10/2026,6,341
313,164,6/22/2025,1,342
165,272,9/28/2025,6,343
360,481,12/25/2025,5,344
342,56,12/21/2025,8,345
195,43,11/1/2025,10,346
404,14,4/18/2025,9,347
187,127,1/29/2026,1,348
223,67,6/4/2025,8,349
74,402,4/17/2025,9,350
421,256,8/5/2025,10,351
195,106,4/30/2025,2,352
106,4,8/28/2025,2,353
234,226,2/16/2026,10,354
245,410,4/25/2025,7,355
462,368,10/26/2025,10,356
72,340,4/22/2025,10,357
225,43,11/26/2025,2,358
207,184,8/24/2025,5,359
237,315,4/13/2025,7,360
149,221,1/14/2026,4,361
386,143,11/29/2025,2,362
408,463,9/23/2025,7,363
156,257,10/6/2025,10,364
23,162,12/21/2025,2,365
105,80,6/4/2025,3,366
382,152,9/8/2025,2,367
222,25,8/5/2025,1,368
452,387,2/4/2026,4,369
24,342,8/13/2025,6,370
342,209,4/24/2025,2,371
356,108,6/5/2025,6,372
395,193,6/28/2025,1,373
331,254,10/31/2025,4,374
395,350,3/11/2026,9,375
388,95,7/20/2025,1,376
6,304,1/22/2026,7,377
72,193,5/24/2025,7,378
245,209,11/26/2025,8,379
222,198,5/29/2025,3,380
365,2,5/5/2025,4,381
330,492,9/17/2025,8,382
110,315,9/9/2025,10,383
380,418,4/15/2025,9,384
185,243,6/7/2025,8,385
59,479,4/2/2025,9,386
279,189,12/30/2025,10,387
222,96,8/23/2025,9,388
12,365,10/8/2025,3,389
218,225,8/7/2025,9,390
19,63,12/10/2025,4,391
130,23,5/26/2025,10,392
320,18,6/12/2025,4,393
285,135,8/30/2025,9,394
190,79,9/30/2025,1,395
466,390,6/25/2025,10,396
213,481,6/26/2025,7,397
190,461,6/15/2025,3,398
202,123,2/12/2026,1,399
492,46,3/29/2025,6,400
357,100,7/31/2025,4,401
66,286,1/7/2026,4,402
299,236,4/23/2025,5,403
304,237,3/4/2026,2,404
46,298,5/19/2025,9,405
129,55,6/8/2025,4,406
493,456,10/21/2025,5,407
191,421,7/30/2025,2,408
389,94,8/31/2025,4,409
169,78,2/13/2026,8,410
309,197,12/10/2025,10,411
37,170,9/1/2025,10,412
395,469,1/15/2026,7,413
490,42,11/27/2025,5,414
98,6,8/20/2025,8,415
339,335,1/9/2026,1,416
489,395,3/14/2026,5,417
393,262,1/2/2026,1,418
302,247,12/28/2025,2,419
468,489,1/2/2026,4,420
353,28,5/18/2025,5,421
134,112,5/27/2025,5,422
377,352,7/14/2025,2,423
167,426,1/26/2026,4,424
447,14,7/6/2025,1,425
280,416,4/22/2025,8,426
372,343,10/17/2025,7,427
17,122,11/19/2025,6,428
79,259,3/16/2026,7,429
425,59,7/16/2025,5,430
429,234,9/12/2025,4,431
216,265,1/22/2026,1,432
339,351,5/27/2025,4,433
28,21,5/24/2025,2,434
85,351,5/27/2025,2,435
304,145,8/17/2025,1,436
125,168,4/27/2025,9,437
312,480,3/10/2026,1,438
34,454,3/17/2026,7,439
141,369,7/14/2025,4,440
275,346,11/25/2025,1,441
357,280,9/27/2025,2,442
180,396,3/17/2026,9,443
386,394,2/15/2026,2,444
138,37,7/24/2025,3,445
272,211,4/13/2025,10,446
289,264,3/6/2026,4,447
136,311,2/10/2026,9,448
35,440,1/9/2026,10,449
134,317,6/29/2025,1,450
235,63,4/3/2025,4,451
388,170,12/29/2025,1,452
74,500,4/19/2025,1,453
417,121,7/12/2025,4,454
305,466,10/17/2025,5,455
158,166,7/23/2025,5,456
214,232,12/21/2025,5,457
143,108,5/28/2025,10,458
465,426,3/12/2026,5,459
374,378,10/30/2025,7,460
359,146,7/12/2025,6,461
404,161,6/9/2025,8,462
95,341,9/16/2025,1,463
381,420,2/9/2026,3,464
136,223,11/9/2025,10,465
439,267,11/8/2025,5,466
304,144,12/25/2025,9,467
77,241,7/10/2025,9,468
398,223,11/7/2025,3,469
214,255,5/27/2025,8,470
64,451,1/14/2026,6,471
141,208,5/23/2025,9,472
272,398,7/16/2025,10,473
95,297,9/15/2025,10,474
141,39,11/4/2025,6,475
160,268,9/16/2025,3,476
165,287,11/5/2025,6,477
189,321,1/26/2026,10,478
454,389,9/18/2025,3,479
371,277,12/26/2025,9,480
227,160,12/8/2025,2,481
426,11,7/1/2025,7,482
229,64,8/26/2025,4,483
223,31,9/25/2025,10,484
468,90,6/6/2025,5,485
474,235,7/27/2025,1,486
164,116,7/22/2025,8,487
360,317,3/3/2026,7,488
105,119,5/19/2025,3,489
349,473,12/1/2025,10,490
316,276,12/14/2025,8,491
295,72,7/30/2025,3,492
465,217,7/22/2025,6,493
375,265,7/21/2025,6,494
416,461,6/3/2025,5,495
452,475,11/27/2025,8,496
140,274,2/27/2026,9,497
213,220,5/16/2025,4,498
15,91,1/19/2026,8,499
324,209,1/27/2026,1,500
